"ID","N","BF"
2,1,1
3,1,1
4,3,2.34942844280609
5,4,1.17891554330844
6,5,0.359460514048809
7,6,0.335466774593814
8,7,0.313623574762611
9,8,0.28981160595666
